area,bedrooms,age,price
1623.6203565420874,4,14.863563103829453,309235.16994685045
3352.1429192297487,3,11.590467295449464,556569.2659153512
2695.9818254342154,5,13.50373297259279,234579.9697847366
2295.97545259111,1,6.808940830960925,138531.05557548656
968.0559213273095,5,26.681727483865327,410197.32792647334
967.9835610086079,1,13.518589701892736,205026.82459374965
674.2508365045984,2,26.473783213682996,458952.67847797566
3098.5284373248055,1,3.1708043971882227,392571.48395816784
2303.3450352296263,4,29.648258130003942,701786.0166136232
2624.2177333881364,3,13.298192623308548,459968.90992815426
561.7534828874074,2,1.434924611823164,548491.391325468
3409.729556485983,1,1.1406554471236474,717348.2895348073
2997.3279224012654,5,22.386217724455157,467880.7090928761
1137.0173320348285,2,19.77106602611042,216949.74121047967
1045.4749016213018,2,24.063916743827626,370061.34810063994
1050.2135295603016,1,3.1610260185841788,344988.45529412146
1412.7267288786131,2,1.0671260110664504,779698.4056267416
2074.2692948967133,5,15.257378683427355,588133.7461893474
1795.8350559263472,2,11.627856944483085,261833.4261700526
1373.6874205941258,5,13.858408100128672,474356.4317349029
2335.5586841671384,1,29.74765226610822,565766.0843642873
918.4815819561255,3,29.122498730120107,222992.194462437
1376.4339456056546,2,28.269461690195786,885091.0749784174
1599.0855298810752,3,23.515280303030217,267879.575297678
1868.2099526511079,5,10.645240807706712,302678.1991763285
2855.527884179041,2,12.363927907883149,265687.7523409233
1099.021346475079,4,16.488481311567735,144243.49849803338
2042.7033152408349,3,24.9160336921452,353175.6795239769
2277.2437065861277,2,2.061384975548033,271309.9687225595
639.3512381599932,3,12.728906576546644,938819.2316307181
2322.634555704315,2,2.4785299037780604,699281.205646086
1011.5723710618746,1,15.439727597205348,280895.27104462776
695.1547789558385,3,26.967024720187062,745570.1822977745
3346.6566117599996,4,23.474547736918137,754467.7612037088
3396.896099223678,4,6.8352725262932985,780611.9031839527
2925.192044349383,5,29.279725487963773,237350.6569415114
1413.841307520112,2,20.02051194139285,609105.0386804837
793.0163420191516,3,0.312830981922092,656322.6389080778
2552.699079536471,5,7.662404540556586,304403.8169305366
1820.4574812188039,3,7.8213989975974965,121572.4933861355
866.1147045343364,2,2.077629188575798,618211.7786794562
1985.5307303338107,4,28.79479554227787,181253.7064651369
603.1655633456552,1,14.347658837277713,659575.8216698626
3227.9612062363462,4,26.87443792115646,462107.8022347498
1276.3399448000507,5,9.666465103338851,538276.6479751252
2487.566853061946,1,3.7570071129848137,377717.41219677235
1435.1332282682329,5,14.230083297186416,239222.51489049883
2060.2040635334324,2,3.418699041429515,306278.61270576785
2140.1308380298387,1,14.580465089326198,273139.1601876945
1054.563366576581,5,27.608915436582233,830752.7988277138
3408.7538832936757,2,15.623044255026382,421953.0318387179
2825.3984700833435,4,18.494991806852504,445550.04848135856
3318.4968246925673,2,4.699153109214249,373773.3691285787
3184.4820512829465,3,1.3120687763990846,159467.7671678142
2293.6999364332555,2,3.324238865394211,563975.2644124078
3265.6227050693506,2,17.95594727053097,193248.2481584922
765.4775061557584,3,2.85035096976914,450194.7442970631
1087.9485872574355,5,11.279786698239342,322328.197503464
635.6818667316143,5,16.50275821374468,402734.42100354575
1475.990992289793,2,11.65958395889541,210106.0717615303
1666.031869068446,3,4.9105140439590445,285962.240175921
1314.0470953216877,3,8.213739225423195,431954.3296675981
2986.212527455788,4,27.84952598545731,579090.3717541626
1570.259980080768,5,20.279468267590662,496637.04013196134
1342.8035290621424,1,14.881435160396597,632191.2155799223
2128.0882494747457,5,0.38144669960680555,701732.9381887265
922.7726749242879,5,29.772462014684105,264607.9645563206
2906.590942262119,4,20.143648046839296,378041.1523786783
723.6519310393124,1,9.507674320348348,621243.3578930619
3460.6608098015517,4,26.378059799935148,827025.8866790616
2816.734307889972,1,7.752948608754543,236396.3715186782
1096.1470446025173,2,16.320497375482546,322200.47571044374
516.5663513708072,1,19.082122911894754,705091.7755318204
2946.3842853645024,4,6.631901143611854,349033.4229096888
2620.572031542851,5,29.351918364017877,420768.3198862747
2687.021504122962,1,22.445757179369927,1017156.6130701228
2813.811040057837,1,16.734396765332097,133013.12406156753
722.1339552022711,3,5.417837945259026,394182.3278301647
1575.3971856328178,5,1.6157462099407838,313067.0307703666
847.6071785753891,2,9.601794975629504,645670.2827846583
3089.3102776267806,4,22.595620077402085,875806.3293435076
2369.894380482674,2,8.079938949060752,439675.6755045831
1492.6940745579477,5,16.186686614865152,560141.81861881
690.6750508580709,1,21.838415301922296,396233.00479234086
1432.9469651469867,1,3.2383114393939305,616233.6262918963
1475.5499660802411,5,20.558940483476203,221808.110200668
2688.818535014192,1,2.756126631301341,264085.2646684405
2412.6724140656393,1,28.953892263809895,432949.5682090694
3161.6382277289795,1,14.651823901948188,633825.2341311347
1916.644775485848,4,4.520283231296322,155854.45105528692
858.7827378149051,4,10.271509081006394,863883.0740511513
2639.734361668985,3,12.402493478857844,306389.17284337233
2782.355145850692,2,22.74555033229612,372295.77968372335
2183.8315927084886,5,22.302713582298278,479256.05066112813
2812.901539863683,5,18.35821516011993,420594.9351021678
1981.3867890931722,5,3.1779213767547887,168913.92201054416
2068.198488145982,3,4.547081147630207,281242.2546898816
1782.6230550756488,4,2.812707619366699,795103.4600856662
576.2573802322855,3,17.315183498626503,187148.27692686464
823.6742809799134,5,26.31415324534212,376987.20266767556
594.2875570602027,2,13.014015367643154,570254.0333255327
2409.231233791341,1,4.825445218732386,153483.7493500706
1443.0679432289799,4,16.74126975446901,572509.0209250746
2025.7120734941084,4,24.352566505971296,364660.04152382107
3222.699421778279,3,22.2513618453879,222536.8539486514
1247.8766874466248,4,26.443523390250643,410105.284617806
1731.1487691068892,5,8.337062917466035,134788.26355338446
2766.653415629146,5,5.818616018033246,404402.32755996624
1186.3944964748675,3,26.39449457825816,210297.4563860664
730.939729486379,5,19.726809383340694,534771.3557605948
1369.254358741304,2,9.327867900226625,499019.1929084985
983.6638617620133,3,22.270441517175275,422079.0021405118
3289.0929570277194,2,24.453551534411037,662805.7615630844
2924.3611386932507,1,18.44934721023397,319883.5366977117
2400.2112695312703,2,20.636523296397453,132823.07551383544
3114.381770563153,1,11.25779713327999,1002916.5426558758
2911.0162306973434,1,16.160870020291174,266077.0668397449
1059.7101766581077,2,15.724775121784868,222253.94598013873
3177.6769954699334,3,25.441433733923155,628837.127295077
2118.0267257469523,5,25.19891940846548,486484.7239655184
2922.3204654921874,5,24.980414080411297,252226.40337602107
3188.2738997704796,1,0.3309484278739738,265287.0039608418
1454.0104249155916,1,22.48636453406665,574089.5424253802
830.1557735830303,3,22.760291703330147,235389.79385406987
1183.8054876258252,4,20.351364685654254,500958.42260458414
1781.323365878769,2,22.687939736743576,166873.3308464826
2954.0442977674793,1,25.25911114490126,641188.3748139128
3082.19174976903,5,14.109571623053569,652378.9070004235
520.8563915935721,3,15.061506404653414,379536.1240673343
2032.2419077326972,2,3.7414217073417144,414708.59378688986
1752.233009446337,3,11.561276491420854,469637.6164626112
1166.3234314121908,2,19.30095539735353,412875.32637976087
859.5961020010484,2,23.411993284418237,324138.25833096035
1512.8455142108837,1,6.516272930736316,257490.36334087298
3328.7291117375576,3,4.134686974777062,823464.928162925
1469.6087960622658,3,19.891260135014768,707185.7266983731
2056.3718652300986,5,0.05639650574731925,558639.2521781841
2609.0568766855336,5,5.351177529219894,286510.3682924876
1590.888807137882,1,0.872141410318612,297940.178357041
3415.346248162882,1,5.006553535646128,413815.11775927886
3387.3418848263336,4,5.439578397765157,283034.02074395434
1255.3468874760924,5,11.630207842511826,525491.0108338895
1991.7455176771564,2,12.069813740596679,1097541.9336413764
1402.6349294503088,3,26.227874118307135,244445.98434496144
1354.5214831324029,1,15.303291374964756,320752.70320496464
610.6608420635984,3,21.702142968368587,502714.16824327223
2328.6930019396905,3,3.1241207376086235,344701.8820432763
2008.0370696865846,4,6.7631626639108156,192170.02583646972
654.436253749968,5,21.088303229360303,172781.58959172285
1335.9393927098345,1,1.5841188140558427,628193.2213565415
3224.797657899961,3,14.597929867312594,491234.2301995691
1218.6856720009173,1,17.981068969888014,257298.69877739428
934.6846162736692,2,18.064369321574432,549989.8347050238
1968.358280832689,4,0.6879843380412609,625729.8213315656
3456.951362331802,2,9.663240126875564,187085.95732676945
1226.1658145345014,1,19.09471953147462,545666.8902653742
2516.4066422176356,1,4.469992084477303,408726.62469729374
2784.8588459861526,5,20.862469449841598,548349.9994031934
1212.912631977199,3,22.377756264410237,824659.2962028387
2684.649045835579,3,29.459075713384358,632205.5877312281
1603.3493981577597,2,6.295259845692282,241708.10581537403
2396.9174917807386,4,24.753920029983455,668010.3901479276
2400.589132282684,3,15.608897307559621,218332.70597937176
2107.3240522242754,5,11.203877884325204,286591.99905572616
770.8693101632249,2,3.6713027197553383,252550.19505109222
3005.907486767714,2,22.06516819462613,265097.6872873127
1462.3401949152076,5,7.075727974310613,278660.8308930289
1059.5555311995627,4,11.142660056191373,444156.6531791369
622.3254246642917,5,1.876266806921053,505017.5773229942
2272.6788295647257,4,24.04100747458557,219157.77197531707
2532.6930855268474,5,22.9976557191493,387232.4951234992
549.7634867835684,5,22.008474901269373,216664.1083325238
2036.279174897843,1,8.983305314756599,216678.0552501952
1179.4873255938137,2,5.204402227978717,214160.776169289
2435.5183712283497,5,19.126597934106893,604186.8076762335
1023.0992870149744,5,14.884991523396584,171151.7989839398
2572.8132143073976,3,5.347574007139247,244268.49451030698
1660.2060389016121,2,20.57733813149591,117949.42256055085
3310.1899662102037,3,29.73379295463911,488575.0076299768
912.5628324379798,2,22.41658763226113,677657.7377925039
1523.1990531507754,3,22.199591600568354,489129.2016021891
840.4205637217672,5,28.509382587917752,402120.52141105535
3274.080854835688,5,6.088091027247065,414522.2925064315
3132.018060142943,1,16.96649894764321,341269.5722662062
1273.8248831454669,3,29.389401451016504,535086.999440867
2479.952138102537,4,4.958823329105236,384171.2327915626
2951.6666006036476,1,21.00755878333563,407052.9289486395
2165.602434798387,3,17.57430437915706,151938.82277140662
2088.9517350680194,3,17.59437276566121,188046.45084517857
1225.5568727013551,1,20.930118825602253,423722.7618439558
779.3083034176976,5,27.888507686270525,668389.609353272
3191.6472738599805,3,23.477458195540137,334283.91127599496
3201.254171489991,5,1.6840831024863,279738.41063702165
2399.304371819804,1,25.581840596271338,304691.90719285916
1517.089373146102,5,6.766239897771978,331137.752730728
1547.6287238379828,2,11.307424942091158,223990.38775657816
2677.867036610718,4,13.851984408371464,515173.81304349087
3191.330779857731,3,14.42718002259209,168309.0248453163
3161.259272795352,4,13.055411977660704,296815.7553487796
2839.6266375728715,5,28.120598826475934,340848.81276368693
2426.094938462863,3,21.180570229920736,358342.83072606253
752.4198949851465,5,18.93511937870119,207785.9659904152
984.8861422838413,2,1.4952608334882467,210220.8232166883
3195.6625655812377,1,27.11739990781124,250745.91785768405
2319.2871789787696,3,27.281705760251885,155419.84940365364
527.591154849889,2,23.40639190290307,517434.2786961645
804.4146285980963,2,0.21087611440857468,218474.86305530224
2490.5053073241675,3,1.7184075323287007,441462.8119510461
515.1847515386561,5,6.756711068054693,413350.45757946733
982.424154252496,2,3.940482244347201,772860.5876804898
2146.2013680997584,4,11.965080891111883,502300.8272279598
2575.68559307808,2,27.67869174263369,816157.9483900322
2455.8837785078017,5,14.161813025909948,752188.7804538489
1172.8079283816794,5,0.4020787929649683,509836.5928677308
2636.5376640426075,4,8.48237068736286,630833.8192423846
1211.7472624904003,2,1.3378472511888462,402469.7224810855
1476.199094477803,5,1.0886286784050647,352445.79503198166
2739.4742153540724,3,8.271595592866568,275494.23137446307
2448.898697141644,1,8.268370160368363,208613.7775210953
3047.670231482534,1,23.61379807804812,575501.0789094034
2472.8386769010303,1,29.245039583433357,664951.4691131373
2204.925810006415,2,11.136212816699949,779830.9295813943
781.0243034842774,4,12.866606365831158,506331.01034194225
1603.1474091783007,5,25.343683088580644,438739.75303663226
1295.6071030451762,3,8.044170602865401,181067.92823667114
1231.9689301372507,3,4.691454132103439,184403.6305544664
3419.0316642573366,2,25.592688702109513,459685.34308613365
1679.2931740002812,1,1.3950175932019648,284377.5147861034
3176.1396655313397,2,18.59098320598247,319448.68864240753
2393.415877991789,4,16.859785424004205,452210.89758318046
2884.4339106249454,4,10.377613425050829,276010.2768973531
2007.9112793155764,5,9.455685632920769,1033860.3358541904
2230.7116538790774,5,23.155731785448637,335574.0103230523
1977.5530814565916,4,2.5927383228763947,466684.0089886159
1085.7289633941336,4,7.103529279341561,367442.5356626288
2667.356345784516,4,21.973461955142692,179453.17550688272
1342.3170873225674,2,16.449617511792727,192655.82981067814
572.9478992943615,4,3.8396462560075917,335456.668139361
2436.4168877215034,3,26.464068428461804,570973.1524316124
1031.3320382211468,1,11.803435396907746,726276.2560134989
3321.3757530587427,4,24.836051259665187,155648.64119466243
3361.785731007762,1,23.63139046583126,351452.77913933614
3244.5931706613455,2,18.732763394151842,193987.73749138584
1610.4761007663333,1,14.83443393885279,238482.29705923493
546.3698495866023,2,29.386525211452707,684505.2614080138
3284.9556877631762,3,4.348952171394512,569410.6612186296
1784.552444951943,2,21.754671826533443,141944.4474814636
3399.9644571310087,2,5.73572104394367,204953.80806474327
3390.8599312677584,5,10.147893159970451,941788.7106433831
3059.0283664020803,4,9.260962301195857,179944.21141577864
1383.3466762087571,4,28.41107963216169,596540.9298185126
1655.2931858057757,3,29.020685333648256,382388.6832292582
3053.410014550571,3,5.490463327041814,295546.8322744933
1450.7660154688328,4,0.6610548089251256,334979.2864807799
1008.4782400582775,5,21.600241189893392,209112.9400440785
2170.4037873750503,4,12.53969801611453,579220.1553321511
3308.464322482343,5,2.6652073526269318,647118.5803564412
2588.089390024919,3,20.512623167311276,341151.4848386361
2210.1835102680952,1,16.35316584782099,774128.9615102751
791.5294813123056,3,29.41550466003318,879404.1931070159
2345.0216800975095,3,6.822284875841368,430629.4866280788
3470.16155031279,2,12.119336289796447,303759.01202335034
920.252045709572,2,16.276374101862686,559993.1820232603
2054.98895709121,2,23.750999653600548,401670.2069777584
3132.1192157838664,2,16.465159701601763,458316.665621547
2722.3058532626133,5,18.387004825858476,329510.7617454627
2591.0472229858037,4,6.784411547698222,176157.12576434307
2607.452251961328,1,25.407561842656794,413780.71729065815
1578.4734536592655,3,12.858916409114272,381573.07260992954
1380.7755327934801,5,4.228788825653078,250704.61077471427
2928.0834664355407,1,19.92563743516252,217651.41316575627
2930.3401840375423,5,6.482713595559225,599577.0533331129
3101.2169557403113,5,2.9268753071789924,316695.194325775
3239.721657669414,3,25.859607252128168,326195.45362208347
2034.0271965828133,4,13.80486793465319,307129.37702288816
2004.5488840615988,2,22.478511380873293,613565.0788141098
2894.8855369003254,4,8.717626794190652,173331.56308522122
2449.8917923332956,3,23.60910404752999,507052.02650302555
2605.90063177311,3,3.3580778106459097,729872.5857368247
2887.3780083083034,3,10.679201213845582,600746.0123054868
3170.016025452699,1,29.341854539205855,323241.2415086179
1513.9854705546074,4,23.81969149104018,478707.50961247605
1626.748857919832,4,14.917677909440645,205951.81155554688
781.945819522607,5,10.193324146856552,378272.69375103526
2234.840422988522,5,26.164071000674298,186196.10523118253
607.8268213902263,5,16.34543277253547,771474.0663289846
1896.7940543973805,3,22.752750536073332,222119.96832365214
2127.93390412273,4,22.623230409484922,273939.17526527477
1359.623756384853,3,0.5383703570547549,736699.8623892353
2272.4997817070325,1,3.7876134837784035,733519.8065121664
591.5007498171483,5,19.788880991842266,469356.9521271588
612.0445662476433,3,4.848594338576143,101829.87483724103
2967.8016819789746,3,7.66480033966814,117952.66548023708
1580.5719242337886,1,28.399138625988215,251694.49130572076
881.1815379556543,2,16.805467751247356,226565.08941061766
2066.729780164413,4,22.521885209980415,173495.89695769246
2809.9806592958325,2,16.739422163479198,319859.90041508566
1147.4630824905294,5,16.575408443481756,1008177.6588365877
2368.671427457001,3,2.824557303770937,199112.36793995165
756.0423949813039,1,10.309895778273091,681932.0753156947
655.0451635058231,1,8.472926960595352,602859.4750736409
2094.063894704444,4,11.721850968408397,268954.8181073224
2121.9053648303197,2,23.950325646729848,319880.03962777695
2412.2897044946194,4,11.157980037505945,306390.88002366293
2678.274001167985,3,13.550904576950481,203392.1997666532
3427.556238387604,4,11.921441714559496,798050.9730511585
2048.901044903586,1,2.802239159258868,225121.53079477645
1468.8694188237378,1,13.232164747523512,1055086.2690281083
2885.558584306111,5,5.868278191335451,201353.04748168847
1312.4967537862226,5,5.6016988731912445,609525.6364039601
1816.9142621169083,3,2.8210831330279906,437489.60435254034
735.3691440267978,2,10.700129224252942,267927.4462242434
576.0522302463726,4,22.72445654368252,133406.27396905294
3387.945244033775,3,8.293250717501882,601787.2679970078
3007.9403615366173,5,9.370473056565407,632910.0209451078
2587.922618281094,4,19.28023973017271,802169.3535203383
1726.8588332428096,5,5.875224377607566,372239.8199561026
1019.8829602125373,4,26.90873791270603,837430.1630324723
969.3111280132582,2,15.605715697546634,344317.41023903625
1250.728694493786,3,13.428088209606509,748761.6013389342
2147.6799941183617,4,16.734605757876043,588482.7786607767
2643.787768100187,1,4.981029402485864,682343.0784651756
2480.5921301531935,1,18.40419415917529,640739.0517903595
1339.8016908378286,4,10.893022099020314,367859.6184838559
3364.5958419895824,4,26.915590228938566,923199.7285142504
2713.6907500873053,4,5.065626200330584,381926.44096630544
2163.062157534202,1,15.211533115963231,258894.2736643997
2335.1622387030566,1,17.94337888107054,184405.8357747389
1758.8001872833697,4,1.0015080535914367,431458.1986930746
1243.1929685034725,5,10.910793742684207,351335.08644746116
1567.9180359537847,5,21.979057041024983,746888.0442757142
2773.5383313931075,2,24.611325223469198,282680.9011635786
543.1804658892676,3,9.394859844518471,369078.8715917966
848.2179215207486,5,23.957798171482537,922045.5162462875
638.0079260652583,1,29.032676313101664,150824.1867704698
622.1864069569104,5,25.706218082252825,572961.1445024896
3066.3817520330217,2,3.529319644779756,408424.2198706349
2610.973578140071,2,22.191909962566218,359409.4286418268
1922.5214872619756,3,9.590004973216342,855582.0802153787
793.5024819530045,5,29.652479682362298,645538.0801138337
1974.847625350497,1,14.560769494796613,478436.2466580373
1920.415312341697,1,3.673016950768231,253681.314225971
1019.6056097300456,4,21.755566440821724,711020.4982981497
1801.554947713919,1,9.690335951586416,563124.924223888
1695.5142031921202,3,29.91234471244985,441371.3649603875
2347.550294156649,3,29.393473735635656,260075.84466429657
2405.2809526029314,1,19.68402054061742,816994.0118737385
635.9120293161336,1,3.8947934685515273,181609.67456126117
1623.8378438794136,4,20.60582993025087,700318.1723374333
2377.579747142709,1,2.7909145938008164,281461.917361269
2009.408775740263,4,0.8809247730717695,277326.86624303594
3069.469523564967,4,24.68875338664458,377945.4335738732
2476.080894856835,1,6.292588430510441,177189.8861553267
988.8032812442891,2,11.370813786572922,434796.5483620688
711.7062422012896,2,29.203721699285193,1004517.0662381293
2427.2578346189466,4,10.105215055833098,526763.6366022433
579.5339316248654,1,8.894693438499457,274186.5373201159
2257.32674382039,2,27.546239988683258,213019.12329548987
3320.690724274873,1,3.322453359568743,465298.6940962155
2226.4225336276368,1,22.787472303438953,900734.250422327
1664.5097786195656,1,29.64196699958322,363771.1774929347
2429.8646553270596,5,27.038880323239464,595234.5643523782
1874.7586714745498,1,19.550037561192777,461779.3029464396
2136.850367947805,5,9.42182384978196,915608.1973175695
3324.3944263295757,4,7.6296594353495015,310517.68664866907
1658.3079134023228,2,24.577653146143835,401389.772761082
3383.5716914717427,2,26.39465741855086,304509.52003331285
3216.051925868191,2,15.763047376370785,921929.472119549
1087.3734043678892,2,7.330198223593984,173104.363641179
708.0839026254964,2,3.3882962523352065,441605.5601680111
802.3340041322799,2,2.615384034954935,482368.184414032
554.6654769546492,2,21.572323420615668,245547.86255972928
783.3288822677852,4,12.60356183543175,150047.1420980473
2549.0203202490707,1,27.16079622833611,806481.4376442855
713.565945380687,3,22.19013902180291,635322.623298369
1456.926890881284,5,5.737812537437601,644211.4558598112
3034.6259329083637,3,18.41332256447097,871527.9289445931
569.8158072074776,3,13.065163631944781,524555.2670837619
2943.4054477668074,1,17.31749192305839,461793.7537330473
1345.5643243201998,1,22.142073700155514,410240.7620433617
854.4944828649687,1,24.185876430113723,503599.2477744934
2590.211496092452,2,25.312119792201727,722173.3369417727
2386.828540339652,4,7.619246237160741,174383.82830994448
3132.416040581159,2,0.9334679975207305,287107.09289299964
2705.2131314116573,4,22.178842054943196,353064.9776658612
2910.442791154546,4,3.190311787673238,271740.3605181679
1346.1037177139194,3,9.447587658389029,126019.63090946017
1032.3186313391684,3,0.1145140237304143,593297.6905438838
2751.844254922575,4,20.4500844720486,1026991.5473148538
2920.504217801792,4,5.013960344136637,259774.11460829742
3471.51542600202,2,19.658472290749746,205096.09750082827
1737.8530307342794,2,29.752278515035165,229453.2201308708
1616.0542573783496,3,2.180126148300489,965705.7813344557
2829.2388822259904,1,2.3123403585438207,521641.32693936944
1522.4106207590535,4,10.211402780000247,406425.1451971444
3292.271976810694,2,25.99159542754026,561860.930062734
3075.2382555290355,3,6.465896063739955,325327.9559217848
1786.982082125055,2,10.811334597910427,563747.2693257706
2752.613203374492,4,2.055162198809387,362770.8725778838
2763.628622254047,4,22.89465873776668,698717.785294489
809.3716065077979,5,12.249190282783534,537493.5064032197
3207.6587200387,1,22.777461991825284,385820.13805108756
2015.7571173435715,5,27.108235330403854,459979.211935617
2979.372398323225,3,6.982894413038663,671228.4522805344
1460.1488030918354,2,24.22188091019854,149029.81804605425
3186.5696854886014,3,1.7728167023475983,658881.6296100955
1667.6050362024894,4,26.96542164540742,387402.89781278477
532.5129544408951,5,19.52305642676242,467074.51482632285
3216.145929257791,5,26.226801724150548,515546.8201358136
773.8600303584006,5,0.005651986697456923,946347.5740187316
1457.9409127712447,3,5.072432110679776,226059.97845579722
3350.1859011524148,4,11.692781622794762,546341.7795524145
3351.8214408126682,2,11.385087101241558,439005.9042889498
2220.313664369858,2,6.80191148770532,460164.18890446145
2395.5116365093977,3,11.448358196016002,282908.8844195687
1845.3365659349593,5,3.865461360007645,604732.1842641834
1379.6323150941935,1,12.382833877980781,383821.5572478052
1485.993636109748,3,24.070629874777925,368297.6253048367
2517.555368231115,3,14.372101893100536,250015.40993449968
2757.1235883130403,4,0.5400026683564496,489931.93223568745
2874.7371311775455,2,12.643321247377422,586095.8825666355
2868.854428383662,3,0.8152504827253249,422892.18118895486
773.6183091460712,3,28.987302321203945,285563.40481092734
1983.2609141077444,5,3.823618782686069,306530.4835479435
672.6762800499329,5,21.230649789918562,564787.7114202068
2148.5866469712064,1,29.183289686762574,302078.3791456071
1824.591504120131,4,24.781171549997158,527128.2115053514
3163.1125482748994,1,20.97946125378611,707316.859306441
1552.745037656236,5,25.183827285023007,400314.1968236629
851.2010492828176,2,29.45396079781883,221090.04454303742
928.9750461585076,5,18.640334917605887,164011.71184996376
2784.531895152417,4,16.775544204879793,324452.06088066404
2354.654189948783,5,18.847143313898442,663101.7368983872
803.3680283683707,4,15.980276602846649,563529.6933533021
752.3204183449923,4,19.052673177291563,408559.7517991217
2602.90739437736,4,13.495266239176777,400326.421475766
718.2890190925806,4,6.553295486499213,642051.9010847056
2965.580177871069,4,3.607416795350269,441835.6231821733
2618.7266814694885,2,2.050228065967812,250309.2209546599
744.0463419256993,1,7.8994735125960025,630012.8585872219
754.5131422555758,3,1.383706930072015,440238.8570372787
3459.9187355035265,1,17.01512339758157,273575.88496545434
1622.812387268361,4,8.514853410705609,928987.6296962164
1611.9264412006728,2,24.736044242610966,139982.00365710864
2938.3987017725076,5,2.227226189651593,781435.279841408
3341.7457321515762,2,6.790544830244578,805270.7930364761
3458.003191468613,4,21.907384412704378,371736.03902685584
2760.134555776825,2,17.96424889150474,450275.6381955573
1628.7787565927472,2,1.934738137475026,295232.31458659243
750.5021500960063,4,26.31718371486601,493473.2222722393
2831.44074778231,2,26.317852884785385,360751.28459224995
2175.212749207415,3,9.912240116273216,464069.25389739167
1772.666027740929,3,10.21217530048694,596918.9655618356
3219.063155284208,2,29.670850750505217,905967.3763281141
833.592446918454,5,18.785285147794145,693064.3712675378
1977.8753128725775,4,15.939495617041773,468839.92397217173
534.0609343022572,3,25.144565506557733,671954.9678107217
1905.9819259823787,5,8.558710150719493,647932.792836374
668.9098270455121,2,12.875477801890707,952954.9028826758
856.4537488042158,5,8.033300264650025,646165.8199858348
852.5787403313146,1,23.67482539766194,309282.69975659717
2447.6309063481904,3,17.20048036905654,453675.91710038704
2738.13463779627,2,19.764752104202117,352776.0536684702
2250.106295291479,4,7.569217495182197,525022.312112405
3386.5176454236257,2,6.606759041319453,354365.1142299976
1624.6117385711123,4,14.65123886948816,531609.9416264482
1357.1362588455822,2,22.126972472784804,210493.23401098317
3105.797384568381,5,15.757192725604805,901839.3837103419
1170.7875155583579,5,0.9793703263700582,504762.466269361
3389.6676183218337,5,26.056545189608663,195406.29887867504
536.463424069449,1,1.9406068054539471,336097.3579672471
3409.636480122917,4,28.674734511622567,178339.4299517164
629.4797358517284,5,0.7542587483181817,641555.0619992738
3173.429341094213,1,20.833513683921264,215814.65086359557
2083.1033272588993,4,2.46621191135345,153497.3123607458
3478.894388357901,2,27.320297383054186,890623.3499025177
721.3896942061966,1,13.932997086766283,785152.4201273783
2161.5628532039623,3,4.125713244510462,522598.8129032196
3407.9076068572967,1,10.224470993695398,1053647.7677666042
2069.2935325104463,1,4.944740260402861,177791.79099379852
2388.1959144057873,4,5.1174573467127,570536.3658810833
2587.2460669538514,2,28.443249605143265,687740.9619238281
1863.6231943033197,3,13.357383368543644,489340.7058395346
2382.6742402521904,5,23.664067917160786,357097.5169566235
2252.9429357693007,5,19.188166835330456,567154.7001187687
3203.474031472967,1,20.29279087015177,301926.1240863607
636.3391410243736,4,3.9508031541611555,703835.9159870719
1342.889568776691,4,7.02553340446457,300357.6189260953
3351.234452229676,5,23.602510054633107,319145.5143234151
3170.791351672749,3,29.122986194243488,299405.56443262496
1866.9702583571388,2,7.880269277959552,372532.25300138607
2360.39779340461,3,8.147062942531196,450647.56108562334
1332.143548943398,2,14.186913984327145,279108.94833065564
1064.3634791712839,5,29.515209385663134,486764.8168691252
1891.0952148199465,2,8.068768374794132,224674.992830431
1560.0566840781585,4,12.209157289027917,205155.88776752874
2250.9683355526163,1,26.7444004687052,571331.1427341398
733.2039108949546,1,0.08763097864086022,174149.3157294225
3423.1844229984995,5,1.1929789496570864,673297.7057104732
3458.6322334388087,4,18.122150312136576,519397.9154446626
2594.4851420592354,3,27.22140494138541,275365.57650220353
2108.2890990323613,4,7.16569981205783,114262.56782427097
1428.5828488589832,1,14.08925324042127,339467.39433993306
2941.385059120846,1,13.513959049734549,232675.77348859503
2554.193517661638,4,14.189140382865306,137578.01416670548
987.8508180346739,4,18.675590871892357,247217.00256742848
3232.781553481527,1,14.092312889720514,246302.67365227043
2967.611728769507,3,13.424044239673735,276540.26444367203
3349.399739875772,5,14.228652612937815,546519.2682684376
2677.15852516508,5,17.726023238131244,360635.78408680076
2340.2455878073697,4,16.11022465054075,284962.55186198803
1754.7291088718566,5,25.62407992951513,323968.52530579467
3298.1854500620398,1,1.4849056048099984,705855.3822081675
3098.191668501225,1,24.999512144190376,694559.5692186193
635.6560103185682,4,25.31773837835172,641162.2183555521
579.100923491756,4,8.547240645928825,377244.874937411
1629.390100634149,4,13.885558650475518,747907.0148548756
2931.6599923454987,3,13.156154656123064,353005.935388624
3461.8283879448336,5,6.555295030623909,470464.7706653101
951.2506733105845,4,11.903905412589493,257336.38251247458
2282.392146056405,2,1.331633165125633,429969.1560098392
1642.6725698930645,2,8.334662183452032,175664.4476607181
3409.7431934438096,1,24.50046526352154,405256.49075354985
3026.356769407126,5,8.536869052886926,687164.2772307061
3014.9861141334136,4,24.546200062447426,833676.3070303701
1906.0794793849109,2,15.947983938132925,326227.7696945758
1744.4585070129956,5,26.3958803208348,297092.3055806123
1320.2212157921188,1,17.243386627932455,168398.79411981947
669.1264899527814,3,0.8900466919421945,481002.5751390317
3094.1671287651598,5,20.262606226412675,470010.43404582236
2938.703027390233,5,1.3456070407070597,658996.0178363033
3499.153019858392,3,13.517910569494019,443300.50734734203
3489.910511221716,5,27.882800834193418,501667.8712375743
2166.2951168078826,1,4.956118180135505,453437.8663479231
2806.9622455415315,1,11.696170588246323,707697.395126005
3334.297189647284,3,21.895809265454353,277260.0082776686
3048.9421720322343,4,26.46775668284543,263456.8948433257
1242.044305229593,2,20.128290142275237,432624.36294617364
1851.6324059302806,4,7.745197625735076,164907.7800115561
887.478245454485,5,20.238235587486486,639943.4900140045
3362.1530817761673,2,8.901829233122701,248585.88243710855
2318.5239033526404,3,21.552876894562058,633599.6566187316
1185.9284165103882,3,28.620993827551217,450240.65539148287
2515.1020532175703,2,21.64180353318865,409256.99584449123
2354.384721373687,1,25.88641508737237,835714.1532169963
1574.4881540985216,2,0.06311529527650239,105448.28044544465
840.6727765988871,5,21.52716374194783,216919.3608426332
2514.7195867783985,1,24.88762670595751,583988.3910691313
2060.92310271138,3,1.2167621263404427,325672.6928393943
2816.955175206918,2,26.147931818646917,591980.8186233504
2060.49050333598,4,7.700826849301375,146948.52609512728
3056.54450095562,4,19.958763059341656,201317.3506497944
2155.7205163234566,5,24.010646370702197,166097.25238333363
2182.8139146061585,4,19.879935391780663,211935.54107603052
3129.960807975035,2,2.768543762197717,465191.4009030509
1710.448598637191,2,17.88964556581105,564431.565556822
902.0456853519222,4,16.487509701664308,869788.6107044573
586.3480289400169,2,27.009638042228143,863205.8852325822
2765.411767020857,5,12.127191889326275,277217.1696769529
2360.928654060394,1,9.632432912611504,508877.9156521697
2612.2393042976705,5,22.495522933093987,227234.12224827826
1138.8924845267322,5,12.380259782501899,286687.5812610355
909.1144267603092,2,19.38288525015189,537692.0904840741
543.6339970036458,1,19.39350270373821,174836.61999913747
1551.762676419791,2,26.641171930803534,301340.7942082679
2269.7530605638995,3,17.960772069572922,503186.91585314035
1676.732135299197,2,15.064608298859607,467549.9283607697
1812.4247660711872,2,4.16613979189551,549991.2868025133
3212.476083481245,2,3.472128200361161,198826.27524156804
1544.7664010699011,1,4.629646958492382,354175.9384958911
2041.9684674794323,2,5.155454439812836,822087.3755433472
2850.959038223429,1,19.136312779909016,260291.70401919138
1689.6283469638104,4,22.229437508237353,428630.4742237801
2366.2601006836203,3,15.899745687792562,118813.53024191064
3087.0911262402356,1,24.87053197636473,415274.72255573986
3348.5618709729265,4,29.737896802008997,157069.45023043524
941.2204427871138,1,24.60037887358068,913089.0391102178
3279.762875484483,1,20.846471210278775,603914.9901578695
1976.3488792386145,3,15.974780983114398,650901.1473150927
1274.733164896875,5,13.465592150241246,328996.93234021094
1877.4072687147839,5,2.5317714163362703,734719.7023599828
3440.097725856431,1,11.981062451840728,581496.1410150742
1977.8542819786087,2,27.304039103464028,285120.1071655775
1486.2548308625246,4,24.240678897196588,538847.7616347948
2400.2025629501773,2,6.481540950350616,192409.69763055464
1220.4368563345793,2,13.998233540916477,228924.1062159959
727.5899843259917,1,24.50169607675634,474552.15848514583
886.6391657319477,1,2.0215366435656756,334632.2827985112
884.1375168733173,1,11.621777570059779,657351.7227261589
955.708080536883,1,25.555237106218428,236434.1048292562
916.4815179482305,5,12.116935925103713,832523.7784601629
2422.6242344096436,1,2.328439341943226,937419.4255911472
1045.6402531974345,5,16.276031055967543,655892.9393607833
1537.0018499715895,5,25.85227484754886,439177.8670681641
3190.3652297180356,1,17.708566288594792,328569.42390508397
1921.8849207886171,3,6.788373246426954,539928.2345805592
2502.6732155630816,4,11.52718860412144,180274.95923557255
1016.9596136048895,2,13.503700835457966,125135.89040338536
1076.8670564260124,5,17.377990614615804,359825.3701990757
622.6058487994366,4,22.78053077257839,447423.86687156797
1006.8051892164937,3,2.9662085292190623,582319.4146045124
1335.7710170958758,2,26.689560990526992,252364.447827012
1031.0314528302406,2,0.3692910904822677,403867.2363539311
766.1076012711669,5,11.101570040227656,272651.64476029517
861.9076133018025,1,0.8226092991797296,785120.102525563
1882.3363040981774,3,11.789226760358737,819628.8278112219
1119.0011552173776,5,15.774377966199713,811794.9863200923
1592.8095831442263,3,15.350441597445352,646090.866802469
2010.2518125645706,1,4.96885041084796,340899.9686079729
2571.184485888096,1,19.37221530286837,425980.466409608
617.9364195232968,5,1.3433535151400466,418686.57762481854
2898.231196727128,1,22.857204603972463,474693.22751289775
2383.701168472723,4,28.399333019806388,484700.75453600666
745.2770958466158,2,10.193064814533537,270459.43036244245
3120.7358723203315,5,15.517181451429957,876374.7205820216
3262.6172015954394,3,11.367308341764431,956322.3047082312
683.2338795645912,4,0.20131170912179863,747420.293126765
1330.632944441611,5,11.576235086853478,862944.512983822
2918.603839379184,1,23.751607777840395,724383.5370735897
2744.779071150975,1,17.879665265504453,330120.5229879591
1053.563058069132,1,3.037797438454768,244196.54574858423
1128.047970010131,1,25.414184690813553,719459.9810516051
1611.416308374146,3,15.932560346557285,680896.0834510287
1953.568955573064,4,25.25170085234028,114824.92678833348
2354.764314590888,2,17.40664556355088,684384.3437392022
1606.7409187093172,3,16.790653345138196,215692.0799695197
1887.6041483994436,3,3.1577755559103715,268326.63768145296
2742.4128144012698,2,5.020791994158839,461861.5022322752
610.0496086717937,2,29.160757694897733,345042.50604214525
1257.3108330320624,1,6.854602402643123,235444.82295023548
2640.0487576536575,3,29.32356353971104,452983.4351056915
3185.620513061598,5,15.957381195727901,556988.7521247356
2035.0323263469984,2,4.073671411918114,228873.53767877322
2096.340455795947,2,2.9790660826107884,335343.87402007706
821.5160340193281,4,6.265922121172199,413678.35225271556
1842.2371004703639,5,27.769119900760074,108449.70608489665
2097.8517993650694,5,12.424506729846804,408448.92142060376
1227.411510904189,2,11.86302803978743,226872.63060560895
1307.7296928481428,1,9.39618783210522,871009.9504451953
1631.8524893138679,4,4.411855516997651,397785.15149388515
560.2135933331791,5,14.635535915772193,478866.8592641697
1466.2374967495348,2,3.9014334753341604,220816.87574394344
1134.344020989634,5,25.06440709146983,249230.25353784027
1482.4920565337438,4,11.111909588259195,340131.5836140137
859.2863954577537,4,11.24410703345389,169461.06486436827
3171.581842219685,3,14.220192854494677,474564.3593622336
2280.777360662146,2,13.323831394972549,250089.7126401523
2537.3069574334686,4,29.845739191779646,307688.3703560862
2867.513715822015,3,16.361433636549076,240576.4172383132
1995.3265967871719,3,2.646051113696121,418904.6745293358
760.7608642622711,5,18.2063202473079,719191.2816238257
2111.3196254556433,5,4.547528786096398,281261.0717075472
2260.5233540626373,3,0.9281293419402592,564226.1981384084
2736.31842255299,5,29.122264610317444,572416.1814861133
1794.9786386890382,4,23.206166746036917,879603.1815374388
882.7409083866912,1,29.403269772413008,309301.93507731415
1351.3277173961733,4,14.336353440667274,496529.6475240436
1589.2468891959054,3,15.967725934469284,807208.6860351757
2437.751723994804,3,5.050108677573907,659758.5168866724
2212.3349140067357,4,7.407222800027568,431823.05256391043
1568.2901776935387,5,25.156476447084845,501188.330840981
3459.545746378939,5,10.685569413527825,590627.1849569122
2317.3244580706614,3,24.80444921389257,686105.5616887929
1211.6803752079834,2,21.270411728610952,155733.63411214112
805.3474178612112,5,5.315127758155965,362269.5101287805
958.577417552996,4,15.223390983592264,638628.2605753521
1237.8731851535244,5,20.321619645561505,431995.37356697203
982.044119778667,4,7.051116444114753,768312.7888769306
1059.7010721539173,3,24.920655315602307,328800.009903374
1355.2855060815414,5,16.344829726355606,613361.994330698
1020.1207858842645,4,4.957261513278096,135887.13713559904
3190.2962738792753,3,17.489532784938074,347457.7018586064
740.7012369849266,2,29.991414124677423,813087.7933624354
2073.534168710764,4,4.515644749902407,401529.6558954077
1731.1904809689845,2,24.502707903585843,612247.7811548713
3447.135850725819,2,6.219270095626738,604002.7470762162
836.116706504157,1,23.47164988380262,338009.6016944188
1693.566797137225,5,22.037337693642396,546933.1724085388
3408.4112998261066,4,9.014681568012971,600441.2102277661
3096.521377681941,2,9.774693526933495,227548.21859691772
2951.21621284784,1,23.775641758887573,488346.18998159195
1273.7084811348195,3,13.84336535661938,445285.3251535273
1012.6627621701974,4,21.924540861354263,427713.73379702034
2505.9296597732928,2,4.439524420975043,165149.69752103457
3288.1279673827576,5,25.576733457046604,562765.3271519255
2170.2886790417892,1,21.326541500469574,691900.3795162145
2214.8380684096996,2,27.208284265045016,252059.55884068325
1339.9372809808524,5,3.9711713710491736,259272.18888429884
2808.4787995758106,2,17.79043501081793,231350.15321456955
1061.13124567257,4,17.973617551209756,259907.9889330325
1471.037709212731,4,10.603822216403474,318621.23359973857
1776.3093158492504,4,13.753992737077734,564225.3310701968
2022.831136053365,1,1.1394468986956041,667080.4329138917
1227.2291972452408,4,22.37580115881036,689407.5895469396
844.5104742176106,5,16.479674382095222,805404.8611613046
2331.860127324898,2,1.7322315560752133,500468.8857116095
1365.8916597207672,3,20.422676788814567,390265.906091567
2243.7146642678367,5,14.003462316935638,585246.1849189884
963.088145822607,5,1.03383778275,342485.1516165588
1943.4203055644525,4,29.08823180544286,380212.13254704734
2097.7682976547576,1,28.473364292683215,185823.0834223138
655.4706104672807,2,15.387072484415928,225530.15828541713
1509.8128345817618,1,2.8101726211773057,404862.4360490359
903.2440308169228,2,22.638636647957753,326501.33303744445
690.1249114183032,2,14.757933003171871,511593.15698405553
3469.880697169836,1,9.073424348681398,121376.3397145445
1467.0615349241689,5,14.742545325856703,429723.59132301266
2929.6233375639044,2,15.673324362163934,472346.842446322
1263.9219642912917,1,16.881350970670177,660447.6905276015
2544.508166671788,2,13.236711409659796,309290.9847661588
2780.68357966906,3,18.1726590941717,308917.3214963937
2286.916221823533,5,27.56204131819132,497380.639731471
1914.728565650475,4,10.868042612957735,228583.68738860628
1735.5227424418056,2,21.77149389659847,587809.5993648331
1546.6047996289858,3,26.833576704726966,393655.1972479716
3288.5874327434776,4,13.679378272798107,616564.2571852003
2991.8582233631873,4,13.303675091457123,227534.43062339447
3395.080731999538,2,18.063509560643386,765013.2792324243
872.8916704566342,1,17.742202782674642,181077.92770229396
2692.6024256109326,2,24.19768026978831,254160.08391871562
3315.0213704631137,3,14.29450151334878,300184.1376952631
1043.6991984969804,4,29.883688489183236,818104.1594774405
699.4888021003325,2,1.7841470660184233,320848.0091107298
2723.361947870177,1,0.09503545742105213,223203.42436798778
2223.419339539736,2,19.205949346788714,469573.01335985033
3025.4863302748163,5,8.9530473708563,257725.52008918143
919.3171298788685,1,7.211471660984515,161243.98158943356
2885.8019355796705,3,9.356972400128413,426556.1758651744
1104.8819601432338,4,7.6814269531486286,177719.73337422503
990.9678285971136,2,0.9237014898134355,156223.8878556064
992.7973937929788,1,29.145991271717662,668153.1965298489
2943.724160694146,5,6.622364653583452,491213.7685988694
2495.5916620886,1,22.020892877679188,191240.53659606536
2069.196274307358,5,22.87789184082526,315249.3987451699
1576.4914523705074,3,27.87772194021688,675688.3775496205
3131.6016224393247,4,0.9164837128013992,293092.75309655606
1677.3353222679061,3,26.16145015341023,315050.9299815462
2949.798318414731,2,15.816785425194006,218683.27058311706
1817.4047257106552,1,18.976323298974837,301435.95121684286
1630.8332882747227,5,19.33410831363101,467781.4782131598
1888.0393570088193,5,24.593934149541827,323718.9712124987
1404.1336224924262,1,10.002219664773316,599031.8350485044
2742.8281405287535,1,21.9915356957998,530942.0375538408
2008.1611702774373,2,15.857343291665913,462095.37609593343
1196.638085440452,3,23.801820429160433,218800.71425851082
3198.7237198237053,5,29.716380983104003,232149.80600129996
1651.6736641196342,2,6.019530522112837,151116.69491585487
2130.658583341966,3,29.839459246799937,186819.79803614138
3219.4163328936406,2,2.6943646284832203,456267.96860470384
2372.7139877419763,5,0.06952643714441598,424040.88532159495
850.6941221250922,1,1.3248580853349379,310243.8942598853
3319.4963708404252,1,10.25347214210285,287581.14855674654
2383.1241592142533,3,18.987189920353025,652008.9210448724
1504.7168439712584,4,2.070886226635489,171552.248302282
917.8162179901617,3,0.1699744358870181,561299.8370899953
2882.075567810888,4,28.112730853763843,215628.4070828976
2360.218267785541,2,24.65779907819789,837617.6692887765
2100.3832759289644,2,24.27549513417093,427678.78672229685
3181.677749152873,5,26.532728265059312,789583.6506766685
2865.791633673592,4,21.001028183163132,621224.6862268944
955.0246391982535,5,3.1321238924424435,112701.07195186234
1435.1662033866446,1,11.973005642211692,520141.34932849853
1245.4674194433974,4,21.694484593938885,407068.1258838927
2731.8388777180307,3,8.410033823745627,249011.33117740526
600.5973042073381,1,20.62219092408713,871633.0925259864
2209.66905461395,1,0.7349534480295705,394242.04361280106
2787.3760572220717,3,9.184120226387796,358487.4347763593
3130.2969102852485,1,16.47391008831518,220291.72424400062
1526.2452461477224,4,18.96269488518727,343224.4843310497
2963.7719140160384,5,17.311219933857323,606328.5745703522
831.8952108656217,1,20.932688282202886,471267.04288114334
3039.3568752035544,4,0.1826624471951721,453848.76656888175
882.4659869959473,2,3.028235999325645,344151.6160708296
1691.8618716811018,4,26.06832756837435,475817.33969819784
2891.886097338661,5,20.452459322704836,861004.3857420344
949.7522820463214,4,3.3879492805803393,154879.70946004646
1187.7541856979244,3,25.262233121957376,853788.3390841626
2666.7577051791986,5,7.266936534737008,251569.89097457277
2660.109609638223,2,14.347796525856705,268438.0596535381
2423.442898655892,3,4.3558953865398085,427739.82799979905
2581.8453334013,4,21.3033016926512,302099.31704351923
2128.1733300427886,5,20.005632630428035,142743.9842055534
1255.3971767208582,2,6.333374134984085,204654.81812719067
1537.0879805117584,3,25.902023005710056,155307.7441730654
1044.793150404277,2,12.039180726591365,1007619.9957374501
3225.351684000885,4,8.775452732122254,183616.35068338466
2250.1753842983617,2,4.569887683936064,207801.25511503496
1702.5542502909198,1,7.985040375466124,240604.44318590892
1886.017410932398,3,0.6608076367145099,246640.10476757376
3341.850018835446,2,17.497724773683466,737510.9637166447
960.0542093482406,4,25.266922390318438,207099.21838159312
2258.6894960503914,4,16.469413483249255,636724.2626500522
2017.666036653398,2,6.578218857716271,312186.5621024907
2334.3627063039435,4,1.0100753464161816,724018.1450292227
554.3305514625215,5,6.438842197764085,508465.654078049
3116.3717268324544,5,12.48364284213277,723116.6684159696
3296.354847450837,5,22.788342860993893,209185.78968594794
2195.399550767627,1,5.6352855761332235,443579.100601521
2589.952471630677,2,21.593743600640583,425645.2569091619
3267.498143531887,1,26.00800405055651,439811.3051797637
2621.715902940196,4,13.618405443250712,298015.6850996673
957.617128742784,1,24.6429597492778,169119.5038122635
2228.8650805004395,4,16.639720441052866,406125.26540102373
2320.145139148568,4,19.11272511242715,171553.82695735391
1772.3920139071581,3,15.78835381014608,262376.2045846201
2709.3327068741687,5,13.895181502540252,1003015.8629740876
3303.1010443070445,4,7.03960325327548,546063.90662256
3276.705538720329,3,9.095821783831381,681531.9300342678
1852.5181142123963,5,8.69910356830827,591102.9056404841
839.7141375222657,4,16.89866792861444,445815.3610883988
3454.523596887004,4,3.5986107907166973,240765.22764971768
3016.694259337802,1,27.503750721070055,356721.37805218075
873.9880436098006,1,21.6196543584934,309963.22597468714
3262.525647852117,5,12.043368927395809,758125.6982822765
3109.689086186385,4,4.758724335791339,535512.0525949756
2056.5141713782164,2,26.459765091649075,179236.95000332152
2273.8263072347877,1,24.713342703034957,372712.7127776907
1697.0081116103909,5,21.65164658151538,462411.70355094713
664.284916466094,4,8.146411422337271,845544.9498354591
1505.5917249377028,4,12.073399123010068,445939.2357214408
2908.560345794034,2,3.0824475735727006,831455.6178328957
513.8960690138085,5,5.671185741825951,341521.2048365817
1500.4975150734326,4,23.490499119501987,556870.6749317154
1694.50608077283,1,21.451161565520515,310848.69618309225
2112.186808813769,2,17.80457288927804,595997.4674959282
3259.5668492382815,5,26.871801777785187,572094.4239692925
1539.0379830978839,2,17.49799553439136,172120.05395469916
1540.8596056886831,1,14.009039998908321,548990.2875529075
2712.503744329245,5,10.21112238917288,875317.128607697
1856.6538226694215,2,28.213455172085176,246065.72772548566
1173.814468819946,3,2.481463845730605,895256.4471735681
1857.31854839808,1,27.92662116182425,258322.14385453923
922.5710611393995,1,24.80143979793055,435224.79896605905
1029.1609595186699,1,3.8978977360710387,531197.5124996528
1995.1033182184392,3,16.949530730257607,508860.9984508149
1756.7763485136438,3,25.996439452472607,599266.0147198127
3244.5377032043,4,17.15427490821461,977035.1294528125
1587.1816973498994,2,27.215994646818668,349936.88842330145
2241.7650508341303,4,28.289514504481275,248863.43771740512
2396.792863758591,2,12.671535665529177,710080.9250474881
539.2833697650009,3,11.319409842189708,211984.26785328926
2490.6121160501316,3,28.089634619074705,716424.3521315063
1034.1079006092543,4,20.254201834490043,421617.7031068887
3383.2109524083653,5,3.4806804404450786,198594.98308073718
945.9881832593389,4,1.268752476680436,601916.7941938353
1743.8723711810712,2,16.938871529917893,182161.51747392828
756.0490042359315,4,27.905128963152737,265751.51020970335
3490.6227555378423,1,25.32746107217455,257631.7247643432
2006.5850309937277,2,20.275432393930092,155782.4617266458
2286.1550519601315,2,4.173475466732626,267484.8189446976
701.2294321652824,5,7.626941512460867,122107.64958067579
2749.8814111975335,3,26.265336796578485,341574.4034214735
1129.7167792867572,2,5.484217099707013,160970.48103482032
3194.162868322141,3,8.353182247513036,788144.8788830736
1115.4189214460216,4,3.8880195358632585,398704.32851692365
1072.0631619909996,1,20.283246942432335,789381.4495084091
609.6490035442846,5,28.319469160896286,937122.7583623584
1916.2008353299977,3,8.069040947861579,401881.32226632047
2194.5233997878495,2,14.262198235502211,671193.2042286027
697.1259182850571,3,19.030192191336127,344718.4230562663
2826.5828500850316,2,29.98398744646892,930502.2065814208
1859.8665042440828,3,3.1442419499271637,601586.2027492508
2073.1708079827404,2,14.957123985171275,216372.9163314341
1822.2882408146845,4,11.553603597075002,665216.0525923258
1702.289182625978,2,25.974604956670653,531125.7202767418
2178.920993924654,2,14.279031930349678,631584.6780382893
965.7207377921375,1,3.3293257375544427,458001.3251038588
1045.7843914858133,2,19.03272435859751,589327.5171649114
3085.356863040552,1,23.123418547916394,866307.760014983
3338.346386400898,5,0.08643754996843778,275020.449845897
1619.9279488392588,1,25.768700562618886,229555.48347479393
1312.2340194306612,4,5.580690000169969,323695.53170763183
2431.998629717047,1,16.562080939601337,373088.57970056357
1726.2025132942892,5,12.473925020623504,630164.6676028166
576.1590669810346,4,21.58961449831591,400019.1977869502
968.4577920985711,3,11.134848443572254,449069.8787081998
2647.9166865421926,3,26.092895300451325,482549.9788482375
2476.771825730454,1,21.914890828763706,412611.6360219433
581.2879775104504,1,19.431395131887644,290832.2326357591
1165.9164857988483,5,23.887217866885628,698579.0042412321
1193.2243897642143,5,22.62069104785147,586167.7898678689
2515.6782307961853,2,1.0781602476466001,942282.6342103825
559.1316132630925,5,11.842030615344845,993189.5761058789
812.3257459537215,2,27.924218919494695,560771.975669367
2899.748256119568,4,3.7717280697667865,544133.8334346099
1035.6339861630008,1,22.112896512961537,706180.8896794574
2458.238323555624,4,29.23775434005989,517447.49049208954
1214.5483431401794,5,1.565958871349149,204825.62779165988
798.3241782780356,4,20.465816418798315,322848.8879989118
1229.5165729983623,4,14.044624239030911,283726.6804999965
2666.8007955669773,4,17.375257661241665,711079.2939253028
3067.0894043188573,5,2.560240094529745,245564.30600103084
2990.6595937009747,4,1.2902085560081844,470543.872012697
1691.5505888553644,2,20.005999816527652,220435.78688090757
2504.2554097119382,5,24.699282894621536,394203.0093673645
1114.952886247463,4,23.460460047989017,482150.5184578889
1379.4431907830399,5,16.31417183598712,183239.17216446128
3189.007455563359,3,2.9960046340853452,602516.5331676719
539.0057705322081,2,20.641333315080416,600167.7166520111
756.5255925634042,4,7.256666506624379,489327.44979470794
1123.658765438082,3,27.332061083021507,239499.4745336571
579.5966116214591,3,25.147960786371147,981305.9393652435
1044.306305269392,5,21.281489012621726,650215.1930505374
2249.1246829090765,3,28.465378674933913,1045272.6311538168
1764.2736517774938,2,0.9426546453381879,610149.1807533101
3178.0151332309247,2,22.08601275182286,240532.2231139549
2952.330685215323,1,9.90728338009216,217044.76603089154
1525.452055093628,2,27.181976570590958,285928.47938607127
1278.2703002938774,3,8.000255899859328,294736.45669831615
1639.0772245018006,2,21.745694979450512,208875.61116159847
2270.8848275444234,5,26.32941058952344,234153.5614654608
1304.1909224686287,1,1.2497045514804728,349219.4331877189
2372.446723547402,3,11.929427387761084,149832.03165948513
1728.2349565737213,1,22.86927096065816,187428.6845157862
2156.1415425559408,3,13.647566685227613,239263.05809013406
1808.3795874059501,5,8.01757889380786,206780.28121678837
1383.397278625753,1,6.594160464695701,420943.031746686
3345.3599208864703,4,3.9455480074913374,493364.95304012817
2790.8173824792825,3,25.713886795688467,306680.7952068057
920.3395272993577,4,17.26066209754668,544503.2078101388
3105.4039276937383,1,2.2915483497436795,518041.4128653602
1962.293594748541,4,11.477409707119063,468725.2876708803
3183.6566806822743,4,11.032009524153297,398618.52811721875
2899.5657678419457,1,5.45217572128389,552231.977657961
1775.6405134077004,5,13.06522876416572,950085.0365692927
567.4079249603521,4,9.962980961794093,563893.6052882806
1306.0320781548382,4,10.254111164765476,531754.3233327954
2124.9026439826007,5,22.17079673363876,264908.04675724905
2400.434659478442,4,6.697901565155889,327570.93013283395
1273.663056299607,4,19.25579876566066,158094.69523282634
918.0682222184723,4,17.119488716428044,666116.8970032509
3004.7907103978973,2,17.04277537013602,692682.694475761
3453.2065421106563,5,19.89022038425328,476272.9480629901
2077.0705469080576,4,16.451461085869617,234290.6733655199
1015.0378575449105,5,26.377653445391537,543908.9156711812
1316.9219795581068,3,20.267402758507796,395159.5298393529
555.1720296424002,3,16.408897541141645,109479.86510540757
3242.896419681497,4,24.892893608629347,536067.6402676998
853.2532486704234,5,18.18439694800439,510598.9036575511
2229.5494265427606,5,8.73432743355537,624966.2969765965
1322.1656620616181,5,6.212847545297136,938214.3330486403
2162.5340075473805,2,4.569833569880364,205540.33262670718
2454.2611650555928,3,26.98365637638305,351953.54557446454
2989.225411121605,5,21.304062953941976,321131.77388943627
1119.2638152818095,5,28.12135314492962,248935.62471202528
532.9874859754415,2,18.09875417144829,768016.3102679817
910.6568902064218,2,14.202026444847377,476443.61823180417
3200.0559255443154,5,1.7914946691266798,504130.27053003357
3121.6702326875456,1,20.149268446380894,643665.5913604615
2292.239306510925,5,17.466262793046933,804200.9591443682
2301.5505813009604,5,29.706266807628644,214837.25808971637
2495.1100236387665,2,7.174763333467292,314299.39760966116
1026.1138358703488,2,15.922120658605076,209415.58578356632
3243.235837774879,5,19.52872005354218,394595.91273777856
1756.3115746762194,5,19.33773524227031,215015.34139136292
1649.4155847484924,5,16.838806288452083,472402.65066251485
2056.7531158485126,2,23.307840309816765,406609.9618876124
640.8979003251651,5,6.149436285804493,241179.7545888976
998.8501062682383,5,21.768816008232477,387909.24282228603
2714.100849279111,4,18.592037142992677,988011.9946587787
748.3960037753794,1,26.8822533538372,261659.48996908413
2309.4563283991647,3,25.415833171007453,280571.58661726944
1236.047329043963,1,9.454411173976599,800943.0173194535
1667.8868421259297,4,8.287119749254593,248384.5875851973
1366.0812103120998,3,29.449599715573434,627886.8797377977
1567.0181493948473,5,15.817955427457695,251654.9154328681
2657.1377155527366,4,27.192628917433105,368136.6324109605
1391.365146869525,5,4.916430713414465,733375.1556013224
2199.2139208906915,2,19.28456744400523,457004.1870252928
1928.151206597299,4,24.295805620817585,520561.4115511643
2491.0134960879445,2,28.421857487593407,430303.88523067266
3310.489217974274,4,10.120204230510705,580108.2277229031
2697.7162916307507,4,21.749435097721573,668486.8568995787
1144.8211357722703,2,16.164390271188573,221434.51618793624
593.549405183854,3,1.8188677819940458,514676.46212790534
1286.7921328994753,1,20.699992119268302,217145.81888750702
2285.2337921007647,5,20.702896747135302,823448.6835687669
654.2774404527511,4,27.91820414539611,246908.8835758759
1989.098741603709,5,14.919373385069171,481253.35061398474
2290.5285467506674,2,6.90752762131544,215130.1857388333
1502.7316724508823,5,1.3369147034603746,723236.3279171234
2812.7366112374657,2,12.46926560057717,966193.798391049
819.7947594013153,5,9.057501002325054,266091.5041710945
725.4133452074263,1,22.832649180716267,812235.5438072311
2684.56626861081,1,10.628032945231398,344659.3226380128
1986.4739486185954,1,28.47213588944532,505977.26530243264
2565.207189283208,1,28.86930608963353,597652.5787504264
1804.4820158112386,1,18.627257706531243,302716.03446534055
1239.2060997173203,1,27.859808610446485,416639.3816960302
2957.3069530225994,2,22.82563033543487,174289.88423696463
2898.2476369069377,4,16.405789229253784,107166.62429492088
2584.0894125632803,5,5.409238062683343,744790.1721818941
1316.435411689888,1,13.7579383054152,135539.93350242527
2270.6920006072614,2,16.826233900878528,1004431.8010616401
1582.9216908200804,2,25.918847422050305,736363.3376179804
774.7462199799024,2,14.440001296069946,268598.55276623985
3251.9407263867283,4,26.9302401803387,434883.37044994504
910.4558927568842,5,20.230469370704068,273731.6211609775
3350.7120614624073,4,4.109971891610141,564875.1114192458
1838.0173188738672,3,29.84944107975279,129750.11218716014
